Experimento,Accuracy (Subset),Hamming Loss,Precision (Macro),Recall (Macro),F1-Score (Macro),Precision (Micro),Recall (Micro),F1-Score (Micro),Precision (Samples),Recall (Samples),F1-Score (Samples)
1,0.5038759689922481,0.04243166054671563,0.39188596491228067,0.1611878180299233,0.2180681163756632,0.8409090909090909,0.27611940298507465,0.4157303370786517,0.20155038759689922,0.14198966408268734,0.16016980435585088
Promedio,0.5038759689922481,0.04243166054671563,0.39188596491228067,0.1611878180299233,0.2180681163756632,0.8409090909090909,0.27611940298507465,0.4157303370786517,0.20155038759689922,0.14198966408268734,0.16016980435585088
