Experimento,Accuracy (Subset),Hamming Loss,Precision (Macro),Recall (Macro),F1-Score (Macro),Precision (Micro),Recall (Micro),F1-Score (Micro),Precision (Samples),Recall (Samples),F1-Score (Samples)
1,0.14414414414414414,0.30930930930930933,0.49968961518357397,0.4179887746748141,0.4428698017005052,0.6653061224489796,0.5679442508710801,0.6127819548872181,0.6539039039039037,0.5765765765765766,0.5793650793650792
Promedio,0.14414414414414414,0.30930930930930933,0.49968961518357397,0.4179887746748141,0.4428698017005052,0.6653061224489796,0.5679442508710801,0.6127819548872181,0.6539039039039037,0.5765765765765766,0.5793650793650792
