Experimento,Accuracy (Subset),Hamming Loss,Precision (Macro),Recall (Macro),F1-Score (Macro),Precision (Micro),Recall (Micro),F1-Score (Micro),Precision (Samples),Recall (Samples),F1-Score (Samples)
1,0.2605042016806723,0.19187675070028012,0.7153508259311204,0.5779328254654182,0.6235667700855817,0.7272727272727273,0.5898617511520737,0.6513994910941476,0.6358543417366946,0.5882352941176471,0.5834733893557423
Promedio,0.2605042016806723,0.19187675070028012,0.7153508259311204,0.5779328254654182,0.6235667700855817,0.7272727272727273,0.5898617511520737,0.6513994910941476,0.6358543417366946,0.5882352941176471,0.5834733893557423
