Experimento,Accuracy (Subset),Hamming Loss,Precision (Macro),Recall (Macro),F1-Score (Macro),Precision (Micro),Recall (Micro),F1-Score (Micro),Precision (Samples),Recall (Samples),F1-Score (Samples)
1,0.2804878048780488,0.15548780487804878,0.3569094304388422,0.12015648388470042,0.14739608305784777,0.7126436781609196,0.3263157894736842,0.44765342960288806,0.6483739837398375,0.4303861788617886,0.47791327913279125
Promedio,0.2804878048780488,0.15548780487804878,0.3569094304388422,0.12015648388470042,0.14739608305784777,0.7126436781609196,0.3263157894736842,0.44765342960288806,0.6483739837398375,0.4303861788617886,0.47791327913279125
