,Accuracy (Subset),Hamming Loss,Precision (Macro),Recall (Macro),F1-Score (Macro),Precision (Samples),Recall (Samples),F1-Score (Samples)
Global,0.3524009134659596,0.14242515908752354,0.4855695096797556,0.4754016246871898,0.47109829836603345,0.434508373437963,0.4339250682034147,0.406631427627504
