,Accuracy (Subset),Hamming Loss,Precision (Macro),Recall (Macro),F1-Score (Macro),Precision (Micro),Recall (Micro),F1-Score (Micro),Precision (Samples),Recall (Samples),F1-Score (Samples),Tiempo_promedio_por_experimento
Foodtruck,0.2321991368061829,0.15883853591622335,0.21406890984752605,0.12391560536662956,0.13477473641051838,0.6507692884211539,0.3661733268225554,0.4677592694855545,0.6514418347887182,0.4741685401208135,0.4923062582638012,0.07291992505391438
CHD_49,0.18348348348348345,0.3022522522522522,0.5114692990428755,0.5372598327302416,0.5160038808325714,0.6380458158636338,0.6914736972625313,0.662333543419991,0.6455855855855857,0.6866766766766766,0.6375861575861577,0.06363050142923991
Water-quality,0.01619496855345912,0.3043688230008985,0.578624857464031,0.3419586865366243,0.4039024238340828,0.6266775284632107,0.39666160058417255,0.48465920037748406,0.5787196839673254,0.3938440333251654,0.42726591091454735,0.1220971425374349
Birds,0.47338501291989654,0.059689922480620154,0.3354142071167898,0.3381753451227137,0.32130757209782435,0.4417135554093543,0.42895185775635414,0.4344661756624315,0.23055124892334194,0.23913436692506457,0.21442509256462738,0.24258931477864584
Emotions,0.29206665717134317,0.20688054882970136,0.6671030330509039,0.6490922475281757,0.6540002435449633,0.6716813687981752,0.6589110543413071,0.6647373322130351,0.6668656728228013,0.6656839006789157,0.6359895709696308,0.08448582490285238
Global,0.23946585178687307,0.2064060164959391,0.4613360613044253,0.398080343456877,0.40599777134399206,0.6057775113911055,0.5084343073533841,0.5427911042316992,0.5546328052175544,0.49190150354532713,0.4815145980597529,0.11714454174041748
