Experimento,Accuracy (Subset),Hamming Loss,Precision (Macro),Recall (Macro),F1-Score (Macro),Precision (Micro),Recall (Micro),F1-Score (Micro),Precision (Samples),Recall (Samples),F1-Score (Samples)
1,0.16351628330676385,0.02775930063969731,0.5265580265760479,0.10524551739171113,0.15390105093655174,0.8128587830080367,0.4627813946191858,0.5897837459598148,0.7414888876401061,0.48694520989271617,0.5523446655324467
Promedio,0.16351628330676385,0.02775930063969731,0.5265580265760479,0.10524551739171113,0.15390105093655174,0.8128587830080367,0.4627813946191858,0.5897837459598148,0.7414888876401061,0.48694520989271617,0.5523446655324467
