Experimento,Accuracy (Subset),Hamming Loss,Precision (Macro),Recall (Macro),F1-Score (Macro),Precision (Micro),Recall (Micro),F1-Score (Micro),Precision (Samples),Recall (Samples),F1-Score (Samples)
1,0.7857142857142857,0.051587301587301584,0.7845394736842106,0.7071293429652563,0.7414748993696362,0.8958333333333334,0.8431372549019608,0.8686868686868687,0.8809523809523809,0.8730158730158729,0.8682539682539682
Promedio,0.7857142857142857,0.051587301587301584,0.7845394736842106,0.7071293429652563,0.7414748993696362,0.8958333333333334,0.8431372549019608,0.8686868686868687,0.8809523809523809,0.8730158730158729,0.8682539682539682
