Experimento,Accuracy (Subset),Hamming Loss,Precision (Macro),Recall (Macro),F1-Score (Macro),Precision (Micro),Recall (Micro),F1-Score (Micro),Precision (Samples),Recall (Samples),F1-Score (Samples)
1,0.02358490566037736,0.2830188679245283,0.6091276489697,0.399791036863493,0.4707856840130536,0.6594301221166893,0.45209302325581396,0.5364238410596026,0.6471783195839799,0.4442674725693594,0.4906105849677319
Promedio,0.02358490566037736,0.2830188679245283,0.6091276489697,0.399791036863493,0.4707856840130536,0.6594301221166893,0.45209302325581396,0.5364238410596026,0.6471783195839799,0.4442674725693594,0.4906105849677319
