Experimento,Accuracy (Subset),Hamming Loss,Precision (Macro),Recall (Macro),F1-Score (Macro),Precision (Micro),Recall (Micro),F1-Score (Micro),Precision (Samples),Recall (Samples),F1-Score (Samples)
1,0.5862683905483728,0.023762817654926438,0.43475767681289157,0.12142084885858426,0.16881167965428615,0.889102810935695,0.6378453038674033,0.7428019945311244,0.8805914697577648,0.7473731648051755,0.7810912746044266
Promedio,0.5862683905483728,0.023762817654926438,0.43475767681289157,0.12142084885858426,0.16881167965428615,0.889102810935695,0.6378453038674033,0.7428019945311244,0.8805914697577648,0.7473731648051755,0.7810912746044266
