Experimento,Accuracy (Subset),Hamming Loss,Precision (Macro),Recall (Macro),F1-Score (Macro),Precision (Micro),Recall (Micro),F1-Score (Micro),Precision (Samples),Recall (Samples),F1-Score (Samples)
1,0.20307281229124916,0.05480191151533837,0.44994838901609424,0.10583716127540224,0.15970823962958353,0.7463087248322148,0.2224,0.34268104776579356,0.32381429525718103,0.2707971498552661,0.28279203910466433
Promedio,0.20307281229124916,0.05480191151533837,0.44994838901609424,0.10583716127540224,0.15970823962958353,0.7463087248322148,0.2224,0.34268104776579356,0.32381429525718103,0.2707971498552661,0.28279203910466433
