Experimento,Accuracy (Subset),Hamming Loss,Precision (Macro),Recall (Macro),F1-Score (Macro),Precision (Micro),Recall (Micro),F1-Score (Micro),Precision (Samples),Recall (Samples),F1-Score (Samples)
1,0.5038759689922481,0.039575683394532844,0.37397660818713446,0.203042454621402,0.24640811271483323,0.7936507936507936,0.373134328358209,0.5076142131979695,0.25193798449612403,0.19173126614987082,0.20841638981173866
Promedio,0.5038759689922481,0.039575683394532844,0.37397660818713446,0.203042454621402,0.24640811271483323,0.7936507936507936,0.373134328358209,0.5076142131979695,0.25193798449612403,0.19173126614987082,0.20841638981173866
