Experimento,Accuracy (Subset),Hamming Loss,Precision (Macro),Recall (Macro),F1-Score (Macro),Precision (Micro),Recall (Micro),F1-Score (Micro),Precision (Samples),Recall (Samples),F1-Score (Samples)
1,0.17117117117117117,0.30930930930930933,0.4757150930737834,0.5315481642567458,0.49741442202874736,0.6261682242990654,0.7003484320557491,0.6611842105263158,0.6376876876876877,0.704954954954955,0.6358501358501361
Promedio,0.17117117117117117,0.30930930930930933,0.4757150930737834,0.5315481642567458,0.49741442202874736,0.6261682242990654,0.7003484320557491,0.6611842105263158,0.6376876876876877,0.704954954954955,0.6358501358501361
