Experimento,Accuracy (Subset),Hamming Loss,Precision (Macro),Recall (Macro),F1-Score (Macro),Precision (Micro),Recall (Micro),F1-Score (Micro),Precision (Samples),Recall (Samples),F1-Score (Samples)
1,0.003,0.009505347593582888,0.038288968903942164,0.004684699159561512,0.008031677915260431,0.47593582887700536,0.025098702763677382,0.04768282882400214,0.06541666666666665,0.026166666666666664,0.03470476190476191
Promedio,0.003,0.009505347593582888,0.038288968903942164,0.004684699159561512,0.008031677915260431,0.47593582887700536,0.025098702763677382,0.04768282882400214,0.06541666666666665,0.026166666666666664,0.03470476190476191
