Experimento,Accuracy (Subset),Hamming Loss,Precision (Macro),Recall (Macro),F1-Score (Macro),Precision (Micro),Recall (Micro),F1-Score (Micro),Precision (Samples),Recall (Samples),F1-Score (Samples)
1,0.2773109243697479,0.20868347338935575,0.634370268629496,0.6464930601579284,0.6256275612276682,0.6545454545454545,0.663594470046083,0.6590389016018307,0.6358543417366948,0.6582633053221288,0.6151260504201682
Promedio,0.2773109243697479,0.20868347338935575,0.634370268629496,0.6464930601579284,0.6256275612276682,0.6545454545454545,0.663594470046083,0.6590389016018307,0.6358543417366948,0.6582633053221288,0.6151260504201682
