Experimento,Accuracy (Subset),Hamming Loss,Precision (Macro),Recall (Macro),F1-Score (Macro),Precision (Micro),Recall (Micro),F1-Score (Micro),Precision (Samples),Recall (Samples),F1-Score (Samples)
1,0.3048780487804878,0.15040650406504066,0.32588383838383844,0.16827339018662713,0.19324698540384813,0.6779661016949152,0.42105263157894735,0.5194805194805194,0.6808943089430893,0.5464430894308943,0.5561362756484708
Promedio,0.3048780487804878,0.15040650406504066,0.32588383838383844,0.16827339018662713,0.19324698540384813,0.6779661016949152,0.42105263157894735,0.5194805194805194,0.6808943089430893,0.5464430894308943,0.5561362756484708
