,Accuracy (Subset),Hamming Loss,Precision (Macro),Recall (Macro),F1-Score (Macro),Precision (Samples),Recall (Samples),F1-Score (Samples)
Global,0.35629923673481895,0.14074899933369578,0.4897684694325705,0.4807723269833097,0.4757844621379381,0.43400281243294603,0.4380402630046286,0.40898013938943645
