,Accuracy (Subset),Hamming Loss,Precision (Macro),Recall (Macro),F1-Score (Macro),Precision (Micro),Recall (Micro),F1-Score (Micro),Precision (Samples),Recall (Samples),F1-Score (Samples),Tiempo_promedio_por_experimento
Foodtruck,0.2313760915386932,0.158024273143966,0.22091416371319045,0.12527288626565594,0.13662542694350363,0.6535598790187268,0.3698828483751756,0.4717204000535948,0.6549871190069927,0.47799873963680045,0.4965697550634317,0.5435600201288859
CHD_49,0.18498498498498497,0.30030030030030036,0.5085690918803418,0.5435089735010256,0.5192233144842727,0.6388410987591377,0.6986991764930097,0.6661133341227361,0.6485885885885886,0.6944594594594593,0.6425902092568759,0.4667419195175171
Water-quality,0.018081761006289318,0.3004604672057503,0.5851822990097778,0.3419609364483528,0.40672003355875513,0.6361759032527164,0.39827893522866703,0.48936227342164224,0.5929952022994478,0.39910398912757405,0.43615121707769217,1.1377405087153116
Birds,0.4713178294573641,0.05986672106623147,0.33386425480445375,0.33861978956715805,0.3207704899823392,0.44040634599290507,0.43027521283835496,0.434487372409345,0.23062015503875968,0.2396296296296296,0.21465149837242858,2.6312455336252847
Emotions,0.2943407871623226,0.2047124499517321,0.6707351119719899,0.6580255869586192,0.6605073987918768,0.6734104159401503,0.6682165668029918,0.6702831886343321,0.6686001519251767,0.6754035512510088,0.6416055009574451,0.7344856103261311
Global,0.24002029082993084,0.2046728423335961,0.4638529842759508,0.4014776345481623,0.4087693327521495,0.6084787285927273,0.5130705479476398,0.5463933137283301,0.5591582433717932,0.49731907382089446,0.4863136361455747,1.102754718462626
