Experimento,Accuracy (Subset),Hamming Loss,Precision (Macro),Recall (Macro),F1-Score (Macro),Precision (Micro),Recall (Micro),F1-Score (Micro),Precision (Samples),Recall (Samples),F1-Score (Samples)
1,0.02830188679245283,0.28504043126684636,0.5771595018925771,0.5017938026871549,0.5265146779706055,0.6184074457083765,0.5562790697674419,0.5857002938295789,0.626952816575458,0.5471687903291678,0.5484939388923997
Promedio,0.02830188679245283,0.28504043126684636,0.5771595018925771,0.5017938026871549,0.5265146779706055,0.6184074457083765,0.5562790697674419,0.5857002938295789,0.626952816575458,0.5471687903291678,0.5484939388923997
