Experimento,Accuracy (Subset),Hamming Loss,Precision (Macro),Recall (Macro),F1-Score (Macro),Precision (Micro),Recall (Micro),F1-Score (Micro),Precision (Samples),Recall (Samples),F1-Score (Samples)
1,0.5193798449612403,0.04324765401876785,0.35505430242272346,0.13842485000379737,0.1872353767090609,0.8333333333333334,0.26119402985074625,0.3977272727272727,0.1744186046511628,0.12454780361757106,0.14027316352897748
Promedio,0.5193798449612403,0.04324765401876785,0.35505430242272346,0.13842485000379737,0.1872353767090609,0.8333333333333334,0.26119402985074625,0.3977272727272727,0.1744186046511628,0.12454780361757106,0.14027316352897748
