Experimento,Accuracy (Subset),Hamming Loss,Precision (Macro),Recall (Macro),F1-Score (Macro),Precision (Micro),Recall (Micro),F1-Score (Micro),Precision (Samples),Recall (Samples),F1-Score (Samples)
1,0.16216216216216217,0.2927927927927928,0.5199248226544286,0.46691256080770466,0.46925557549610875,0.6666666666666666,0.6411149825783972,0.6536412078152753,0.6576576576576577,0.6291291291291291,0.6141999141999143
Promedio,0.16216216216216217,0.2927927927927928,0.5199248226544286,0.46691256080770466,0.46925557549610875,0.6666666666666666,0.6411149825783972,0.6536412078152753,0.6576576576576577,0.6291291291291291,0.6141999141999143
