Experimento,Accuracy (Subset),Hamming Loss,Precision (Macro),Recall (Macro),F1-Score (Macro),Precision (Micro),Recall (Micro),F1-Score (Micro),Precision (Samples),Recall (Samples),F1-Score (Samples)
1,0.2857142857142857,0.20868347338935575,0.6935350322761095,0.5439275247205868,0.5889205040990755,0.6976744186046512,0.5529953917050692,0.6169665809768637,0.6120448179271708,0.5406162464985994,0.5518207282913165
Promedio,0.2857142857142857,0.20868347338935575,0.6935350322761095,0.5439275247205868,0.5889205040990755,0.6976744186046512,0.5529953917050692,0.6169665809768637,0.6120448179271708,0.5406162464985994,0.5518207282913165
