Experimento,Accuracy (Subset),Hamming Loss,Precision (Macro),Recall (Macro),F1-Score (Macro),Precision (Micro),Recall (Micro),F1-Score (Micro),Precision (Samples),Recall (Samples),F1-Score (Samples)
1,0.23170731707317074,0.1565040650406504,0.3591133942161339,0.13051023771268488,0.1572664145463876,0.6914893617021277,0.34210526315789475,0.45774647887323944,0.6382113821138211,0.43180894308943085,0.470538133952768
Promedio,0.23170731707317074,0.1565040650406504,0.3591133942161339,0.13051023771268488,0.1572664145463876,0.6914893617021277,0.34210526315789475,0.45774647887323944,0.6382113821138211,0.43180894308943085,0.470538133952768
