,Accuracy (Subset),Hamming Loss,Precision (Macro),Recall (Macro),F1-Score (Macro),Precision (Micro),Recall (Micro),F1-Score (Micro),Precision (Samples),Recall (Samples),F1-Score (Samples),Tiempo_promedio_por_experimento
VirusGo,0.7857142857142857,0.05555555555555555,0.7693627450980393,0.6331613347093223,0.6855218855218855,0.9111111111111111,0.803921568627451,0.8541666666666666,0.8809523809523809,0.8293650793650793,0.8452380952380952,0.36608052253723145
Yahoo_Business,0.5934016941596076,0.02373309555654629,0.4885262100102981,0.1288091531877645,0.17954590181882038,0.8873994638069705,0.6400552486187845,0.7437008505857807,0.884470203596374,0.7513196418680146,0.7853005987424178,85.88964438438416
Yahoo_Arts,0.19706078824315298,0.05482760392580032,0.46048432582498233,0.11115555837424687,0.17004879781402388,0.7513736263736264,0.2188,0.338909541511772,0.3272322422623024,0.26452905811623245,0.2806660940929478,53.87230587005615
Global,0.5253922560390154,0.04470541834596739,0.5727910936444399,0.2910420154237779,0.3450388617182432,0.8499614004305694,0.5542589390820786,0.6455923529214065,0.6975516089370192,0.6150712597831088,0.6370682626911536,46.709343592325844
