Experimento,Accuracy (Subset),Hamming Loss,Precision (Macro),Recall (Macro),F1-Score (Macro),Precision (Micro),Recall (Micro),F1-Score (Micro),Precision (Samples),Recall (Samples),F1-Score (Samples)
1,0.15338191755864267,0.027614991059570545,0.6190801858872405,0.12304320983538317,0.18207215132597526,0.8153345256110424,0.4648730619394985,0.5921337462950012,0.7542484003256037,0.48865040043587077,0.5563662527032842
Promedio,0.15338191755864267,0.027614991059570545,0.6190801858872405,0.12304320983538317,0.18207215132597526,0.8153345256110424,0.4648730619394985,0.5921337462950012,0.7542484003256037,0.48865040043587077,0.5563662527032842
