Experimento,Accuracy (Subset),Hamming Loss,Precision (Macro),Recall (Macro),F1-Score (Macro),Precision (Micro),Recall (Micro),F1-Score (Micro),Precision (Samples),Recall (Samples),F1-Score (Samples)
1,0.7857142857142857,0.05555555555555555,0.7693627450980393,0.6331613347093223,0.6855218855218855,0.9111111111111111,0.803921568627451,0.8541666666666666,0.8809523809523809,0.8293650793650793,0.8452380952380952
Promedio,0.7857142857142857,0.05555555555555555,0.7693627450980393,0.6331613347093223,0.6855218855218855,0.9111111111111111,0.803921568627451,0.8541666666666666,0.8809523809523809,0.8293650793650793,0.8452380952380952
