Experimento,Accuracy (Subset),Hamming Loss,Precision (Macro),Recall (Macro),F1-Score (Macro),Precision (Micro),Recall (Micro),F1-Score (Micro),Precision (Samples),Recall (Samples),F1-Score (Samples)
1,0.014150943396226415,0.2863881401617251,0.5897982078741819,0.36581292424889533,0.43477787468495077,0.6609442060085837,0.4297674418604651,0.5208568207440811,0.6439128481581312,0.42939179531160665,0.4809368828236752
Promedio,0.014150943396226415,0.2863881401617251,0.5897982078741819,0.36581292424889533,0.43477787468495077,0.6609442060085837,0.4297674418604651,0.5208568207440811,0.6439128481581312,0.42939179531160665,0.4809368828236752
