Experimento,Accuracy (Subset),Hamming Loss,Precision (Macro),Recall (Macro),F1-Score (Macro),Precision (Micro),Recall (Micro),F1-Score (Micro),Precision (Samples),Recall (Samples),F1-Score (Samples)
1,0.5271317829457365,0.03998368013055895,0.4085213032581454,0.21269765322396902,0.2612619544198492,0.78125,0.373134328358209,0.5050505050505051,0.23772609819121446,0.17816537467700255,0.19689922480620153
Promedio,0.5271317829457365,0.03998368013055895,0.4085213032581454,0.21269765322396902,0.2612619544198492,0.78125,0.373134328358209,0.5050505050505051,0.23772609819121446,0.17816537467700255,0.19689922480620153
