Experimento,Accuracy (Subset),Hamming Loss,Precision (Macro),Recall (Macro),F1-Score (Macro),Precision (Micro),Recall (Micro),F1-Score (Micro),Precision (Samples),Recall (Samples),F1-Score (Samples)
1,0.12612612612612611,0.3108108108108108,0.4933787968561288,0.5023794277253412,0.4968940598314447,0.6360544217687075,0.6515679442508711,0.6437177280550774,0.6223723723723724,0.6396396396396397,0.600986700986701
Promedio,0.12612612612612611,0.3108108108108108,0.4933787968561288,0.5023794277253412,0.4968940598314447,0.6360544217687075,0.6515679442508711,0.6437177280550774,0.6223723723723724,0.6396396396396397,0.600986700986701
