Experimento,Accuracy (Subset),Hamming Loss,Precision (Macro),Recall (Macro),F1-Score (Macro),Precision (Samples),Recall (Samples),F1-Score (Samples)
1,0.09405940594059406,0.29455445544554454,0.25416666666666665,0.1812473392933163,0.21153567810102766,0.2103960396039604,0.16749174917491746,0.17854785478547852
2,0.1188118811881188,0.2863036303630363,0.3604715762273902,0.24646261301238895,0.28714535804596103,0.31683168316831684,0.23184818481848182,0.2554455445544554
3,0.0,0.3292079207920792,0.0,0.0,0.0,0.0,0.0,0.0
4,0.08415841584158416,0.27145214521452143,0.2908351810790835,0.21387663493537654,0.24269005847953218,0.2202970297029703,0.16996699669966994,0.18877887788778877
5,0.009900990099009901,0.3184818481848185,0.12666666666666668,0.05367231638418079,0.07539682539682539,0.09405940594059406,0.04867986798679867,0.0627062706270627
Promedio,0.061386138613861385,0.3,0.2064280181279614,0.1390517807250525,0.16335358400466923,0.1683168316831683,0.12359735973597359,0.13709570957095707
