Experimento,Accuracy (Subset),Hamming Loss,Precision (Macro),Recall (Macro),F1-Score (Macro),Precision (Micro),Recall (Micro),F1-Score (Micro),Precision (Samples),Recall (Samples),F1-Score (Samples)
1,0.2773109243697479,0.20028011204481794,0.7048748232236365,0.5718685422874893,0.6183616897406675,0.7126436781609196,0.5714285714285714,0.6342710997442456,0.6400560224089636,0.561624649859944,0.569187675070028
Promedio,0.2773109243697479,0.20028011204481794,0.7048748232236365,0.5718685422874893,0.6183616897406675,0.7126436781609196,0.5714285714285714,0.6342710997442456,0.6400560224089636,0.561624649859944,0.569187675070028
