Experimento,Accuracy (Subset),Hamming Loss,Precision (Macro),Recall (Macro),F1-Score (Macro),Precision (Micro),Recall (Micro),F1-Score (Micro),Precision (Samples),Recall (Samples),F1-Score (Samples)
1,0.2073170731707317,0.16361788617886178,0.24722222222222223,0.1466330902649034,0.17143999180612454,0.6330275229357798,0.3631578947368421,0.46153846153846156,0.5833333333333333,0.4513211382113821,0.4571234998064267
Promedio,0.2073170731707317,0.16361788617886178,0.24722222222222223,0.1466330902649034,0.17143999180612454,0.6330275229357798,0.3631578947368421,0.46153846153846156,0.5833333333333333,0.4513211382113821,0.4571234998064267
