,Accuracy (Subset),Hamming Loss,Precision (Macro),Recall (Macro),F1-Score (Macro),Precision (Micro),Recall (Micro),F1-Score (Micro),Precision (Samples),Recall (Samples),F1-Score (Samples),Tiempo_promedio_por_experimento
Foodtruck,0.07904245709123757,0.17966894175114595,0.10420822442616819,0.04275374179358112,0.05119577382372608,0.4900644896723874,0.1039602291506073,0.14110843983699095,0.20052820435611762,0.13489589330450516,0.14708371883394464,2.0681368668874103
CHD_49,0.05225225225225225,0.37657657657657656,0.1871787797407093,0.17496681885278412,0.17273242378455303,0.4272481948919348,0.24377632281619102,0.2737328396925861,0.3121871871871872,0.23882382382382386,0.25207183373850045,0.9499371767044067
Water-quality,0.009748427672955974,0.3282232704402516,0.31552650905542917,0.21112228759639207,0.2424898753499042,0.6214927967590285,0.21826900670370433,0.30904997190247646,0.4938160127782769,0.21208187558423408,0.27021154031975336,4.683649341265361
Birds,0.5286821705426356,0.03995648034815722,0.44238144012035974,0.1915905030641873,0.25206167155670917,0.8322086918995488,0.3121498672345288,0.4531530255363863,0.2289104220499569,0.15777347114556411,0.17805593774586023,13.625527826944987
Emotions,0.08405023026159616,0.2704727088575543,0.25593487056538183,0.182749800666575,0.20626092948188562,0.6239447001287343,0.18563092142901694,0.26882170338666145,0.22954390795866367,0.18007722863156564,0.19180790960451974,1.6420315106709797
Global,0.15075510756413552,0.23897959559473714,0.26104596478160963,0.16063663039470394,0.18494813479935562,0.5989917746703268,0.2127572694668097,0.2891731960710202,0.2929971468660405,0.18473045849793854,0.20784618804851568,4.593856544494629
