,Accuracy (Subset),Hamming Loss,Precision (Macro),Recall (Macro),F1-Score (Macro),Precision (Samples),Recall (Samples),F1-Score (Samples)
Global,0.290135793765135,0.1702379012546847,0.3235075917668193,0.13701263670796826,0.17744731590874196,0.17658875639885968,0.12020941258212509,0.13680919440904726
