,Accuracy (Subset),Hamming Loss,Precision (Macro),Recall (Macro),F1-Score (Macro),Precision (Samples),Recall (Samples),F1-Score (Samples)
Global,0.6002009499451955,0.09867347396624553,0.6043859649122807,0.6032894736842105,0.6037707906128958,0.49392583120204603,0.4388774205334308,0.45690176334038224
