,Accuracy (Subset),Hamming Loss,Precision (Macro),Recall (Macro),F1-Score (Macro),Precision (Samples),Recall (Samples),F1-Score (Samples)
Global,0.3052325046746161,0.16321590057816276,0.3677481022993686,0.15727699994745087,0.19893307458442067,0.20654195914947532,0.14786712339964647,0.16340924992543482
