,Accuracy (Subset),Hamming Loss,Precision (Macro),Recall (Macro),F1-Score (Macro),Precision (Samples),Recall (Samples),F1-Score (Samples)
Global,0.4771200436162073,0.10851368370886476,0.5251461988304094,0.5244152046783626,0.5247360826308194,0.475639333823477,0.3990486096223134,0.4216269788962186
