Experimento,Accuracy (Subset),Hamming Loss,Precision (Macro),Recall (Macro),F1-Score (Macro),Precision (Micro),Recall (Micro),F1-Score (Micro),Precision (Samples),Recall (Samples),F1-Score (Samples)
1,0.7857142857142857,0.047619047619047616,0.7939814814814815,0.7026057791537667,0.7432302432302432,0.9148936170212766,0.8431372549019608,0.8775510204081632,0.9047619047619048,0.8769841269841269,0.8769841269841269
Promedio,0.7857142857142857,0.047619047619047616,0.7939814814814815,0.7026057791537667,0.7432302432302432,0.9148936170212766,0.8431372549019608,0.8775510204081632,0.9047619047619048,0.8769841269841269,0.8769841269841269
