Experimento,Accuracy (Subset),Hamming Loss,Precision (Macro),Recall (Macro),F1-Score (Macro),Precision (Micro),Recall (Micro),F1-Score (Micro),Precision (Samples),Recall (Samples),F1-Score (Samples)
1,0.009433962264150943,0.294811320754717,0.5675135056304325,0.48782452845424323,0.5199239465190704,0.6066098081023454,0.5293023255813953,0.5653253849975162,0.5916797693920335,0.5260490688556726,0.5219850095335666
Promedio,0.009433962264150943,0.294811320754717,0.5675135056304325,0.48782452845424323,0.5199239465190704,0.6066098081023454,0.5293023255813953,0.5653253849975162,0.5916797693920335,0.5260490688556726,0.5219850095335666
